City_ID,City,Lat,Lng,Max Temp,Humidity,Cloudiness,Wind Speed,Country,Date
0,Avera,33.194,-82.5271,76.55,82,46,4.25,US,2022-07-17 03:32:05
1,Tasiilaq,65.6145,-37.6368,44.76,69,96,3.6,GL,2022-07-17 03:26:48
2,Pangnirtung,66.1451,-65.7125,48.58,66,97,2.3,CA,2022-07-17 03:22:25
3,Kushima,31.4583,131.2333,81.52,68,98,7.16,JP,2022-07-17 03:32:06
4,Lebu,-37.6167,-73.65,47.43,89,100,25.57,CL,2022-07-17 03:32:07
5,East London,-33.0153,27.9116,59.94,47,0,3.44,ZA,2022-07-17 03:25:07
6,Mar Del Plata,-38.0023,-57.5575,45.09,74,75,10.36,AR,2022-07-17 03:23:56
7,Chuy,-33.6971,-53.4616,46.85,87,100,17.29,UY,2022-07-17 03:32:10
8,Kodiak,57.79,-152.4072,56.71,88,100,3.44,US,2022-07-17 03:25:21
9,Busselton,-33.65,115.3333,58.86,68,100,14.14,AU,2022-07-17 03:20:11
10,Adrar,20.5022,-10.0711,90.21,13,2,11.59,MR,2022-07-17 03:28:16
11,Tamandare,-8.7597,-35.1047,74.48,87,70,11.03,BR,2022-07-17 03:32:12
12,Saldanha,-33.0117,17.9442,59.05,64,0,12.86,ZA,2022-07-17 03:29:55
13,Provideniya,64.3833,-173.3,56.14,54,56,7.7,RU,2022-07-17 03:23:57
14,Miri,4.4148,114.0089,80.74,83,40,1.14,MY,2022-07-17 03:32:14
15,Mataura,-46.1927,168.8643,52.48,73,97,3.91,NZ,2022-07-17 03:22:24
16,Dhamtari,20.7072,81.5497,76.78,91,100,6.24,IN,2022-07-17 03:32:16
17,Malatya,38.5,38.0,66.25,49,0,4.61,TR,2022-07-17 03:32:16
18,Goderich,43.7501,-81.7165,66.9,72,90,4.61,CA,2022-07-17 03:32:17
19,Nhulunbuy,-12.2333,136.7667,79.41,65,75,16.11,AU,2022-07-17 03:32:17
20,Emmett,43.8735,-116.4993,97.18,17,18,9.82,US,2022-07-17 03:32:18
21,Hilo,19.7297,-155.09,83.28,94,100,5.99,US,2022-07-17 03:19:45
22,Ust-Kulom,61.6864,53.6902,68.79,53,58,7.9,RU,2022-07-17 03:32:19
23,Bluff,-46.6,168.3333,52.81,75,96,18.14,NZ,2022-07-17 03:32:20
24,Avarua,-21.2078,-159.775,77.05,69,20,12.66,CK,2022-07-17 03:23:32
25,Lavrentiya,65.5833,-171.0,53.47,66,75,10.76,RU,2022-07-17 03:30:43
26,Georgetown,5.4112,100.3354,89.53,72,20,4.61,MY,2022-07-17 03:21:57
27,Rawlins,41.7911,-107.2387,73.29,25,0,0.0,US,2022-07-17 03:32:22
28,Tuatapere,-46.1333,167.6833,47.16,89,89,8.99,NZ,2022-07-17 03:26:40
29,Vaini,-21.2,-175.2,80.76,89,40,5.75,TO,2022-07-17 03:22:33
30,Bonavista,48.6499,-53.1147,56.05,86,96,9.57,CA,2022-07-17 03:29:18
31,Arroyo,41.6096,-4.7969,78.6,46,0,8.05,ES,2022-07-17 03:32:24
32,Norman Wells,65.282,-126.8329,68.04,60,75,13.8,CA,2022-07-17 03:29:58
33,Atuona,-9.8,-139.0333,77.77,72,67,14.36,PF,2022-07-17 03:26:46
34,Strohonivka,44.9431,34.1973,71.26,61,1,2.8,UA,2022-07-17 03:32:27
35,Ucluelet,48.9329,-125.5528,59.09,86,42,9.24,CA,2022-07-17 03:25:31
36,Jishou,28.3167,109.7167,94.01,60,91,4.41,CN,2022-07-17 03:32:28
37,Kapaa,22.0752,-159.319,84.18,80,100,17.27,US,2022-07-17 03:26:58
38,Hermanus,-34.4187,19.2345,61.79,50,2,6.13,ZA,2022-07-17 03:25:08
39,Salisbury,51.0693,-1.7957,62.46,85,75,4.61,GB,2022-07-17 03:32:11
40,Ushuaia,-54.8,-68.3,37.06,70,40,2.3,AR,2022-07-17 03:31:12
41,Rikitea,-23.1203,-134.9692,74.03,71,100,16.44,PF,2022-07-17 03:32:30
42,Puerto Ayora,-0.7393,-90.3518,68.56,92,29,4.0,EC,2022-07-17 03:30:46
43,Taft,31.7471,54.2088,71.55,11,0,0.0,IR,2022-07-17 03:28:48
44,Pierre,44.3683,-100.351,77.86,78,0,6.91,US,2022-07-17 03:33:32
45,Saint George,37.1041,-113.5841,102.79,17,0,6.91,US,2022-07-17 03:29:32
46,Hobart,-42.8794,147.3294,52.27,67,40,17.27,AU,2022-07-17 03:21:57
47,Oranjemund,-28.55,16.4333,66.45,29,5,8.68,NA,2022-07-17 03:33:34
48,Sur,22.5667,59.5289,85.15,70,100,13.94,OM,2022-07-17 03:33:22
49,Acapulco,16.8634,-99.8901,73.22,94,100,18.41,MX,2022-07-17 03:33:13
50,Aklavik,68.2191,-135.0107,60.04,70,79,6.58,CA,2022-07-17 03:30:08
51,Bathsheba,13.2167,-59.5167,81.21,96,75,17.27,BB,2022-07-17 03:29:57
52,Nikolskoye,59.7035,30.7861,58.87,77,72,5.3,RU,2022-07-17 03:33:37
53,Punta Arenas,-53.15,-70.9167,30.31,86,75,6.91,CL,2022-07-17 03:33:31
54,Port Elizabeth,-33.918,25.5701,63.45,39,43,9.95,ZA,2022-07-17 03:19:53
55,Nijar,36.9665,-2.206,74.66,41,0,4.61,ES,2022-07-17 03:33:39
56,Tieli,46.95,128.05,69.84,79,100,7.45,CN,2022-07-17 03:33:40
57,Butaritari,3.0707,172.7902,80.78,78,98,8.05,KI,2022-07-17 03:28:18
58,Leningradskiy,69.3833,178.4167,40.91,86,100,7.54,RU,2022-07-17 03:33:41
59,Port Alfred,-33.5906,26.891,66.2,39,9,11.43,ZA,2022-07-17 03:25:09
60,Yar-Sale,66.8333,70.8333,66.56,50,36,8.39,RU,2022-07-17 03:33:42
61,Sheboygan,43.7333,-87.9334,66.38,91,0,4.61,US,2022-07-17 03:33:42
62,Nam Som,17.7704,102.1895,90.7,69,76,4.05,TH,2022-07-17 03:33:43
63,Zhanaozen,43.3,52.8,94.96,14,0,9.37,KZ,2022-07-17 03:33:44
64,Valparaiso,-33.0393,-71.6273,48.47,81,0,5.75,CL,2022-07-17 03:31:22
65,Vila Franca Do Campo,37.7167,-25.4333,72.19,94,24,5.82,PT,2022-07-17 03:33:45
66,Cherskiy,68.75,161.3,46.9,74,99,17.16,RU,2022-07-17 03:23:45
67,Haines Junction,60.7522,-137.5108,58.95,51,100,5.75,CA,2022-07-17 03:33:46
68,Geraldton,-28.7667,114.6,63.01,67,100,17.27,AU,2022-07-17 03:26:48
69,Waipawa,-41.4122,175.5153,49.87,68,4,19.84,NZ,2022-07-17 03:33:47
70,Albany,42.6001,-73.9662,73.81,79,64,3.49,US,2022-07-17 03:31:28
71,Tiznit,29.5833,-9.5,76.03,50,4,1.16,MA,2022-07-17 03:33:47
72,Bredasdorp,-34.5322,20.0403,59.58,34,5,7.43,ZA,2022-07-17 03:33:48
73,Lake Cowichan,48.825,-124.0546,64.24,86,45,3.38,CA,2022-07-17 03:33:49
74,Havoysund,70.9963,24.6622,52.03,98,100,22.88,NO,2022-07-17 03:33:49
75,Gusinoye Ozero,51.1144,106.2614,72.21,44,1,2.51,RU,2022-07-17 03:33:50
76,Codrington,-38.2667,141.9667,50.34,73,95,21.92,AU,2022-07-17 03:33:51
77,Lorengau,-2.0226,147.2712,85.42,68,14,11.3,PG,2022-07-17 03:33:52
78,Staryy Nadym,65.6118,72.6842,69.35,45,7,10.09,RU,2022-07-17 03:33:52
79,Boca Do Acre,-8.7522,-67.3978,73.83,89,63,2.86,BR,2022-07-17 03:33:53
80,Upernavik,72.7868,-56.1549,41.88,92,100,11.1,GL,2022-07-17 03:26:44
81,Chesma,53.8111,60.6533,68.76,72,42,12.95,RU,2022-07-17 03:33:54
82,Klaksvik,62.2266,-6.589,50.92,84,81,18.63,FO,2022-07-17 03:33:55
83,Vilyuysk,63.7553,121.6247,76.46,59,93,3.44,RU,2022-07-17 03:33:55
84,Jamestown,42.097,-79.2353,67.64,72,0,1.99,US,2022-07-17 03:32:11
85,Vanimo,-2.6741,141.3028,78.57,89,100,4.72,PG,2022-07-17 03:25:30
86,Vuktyl,63.8567,57.3094,62.76,96,100,4.88,RU,2022-07-17 03:33:57
87,Lincoln,40.8,-96.667,78.71,86,20,6.91,US,2022-07-17 03:33:58
88,Esperance,-33.8667,121.9,60.04,62,51,7.36,AU,2022-07-17 03:33:59
89,Olafsvik,64.8945,-23.7142,50.68,89,100,4.32,IS,2022-07-17 03:33:59
90,Narsaq,60.9167,-46.05,46.62,84,69,3.04,GL,2022-07-17 03:30:04
91,Morant Bay,17.8815,-76.4093,82.02,83,2,8.48,JM,2022-07-17 03:35:01
92,Cabo San Lucas,22.8909,-109.9124,83.5,49,2,5.01,MX,2022-07-17 03:21:22
93,Saint-Philippe,-21.3585,55.7679,65.79,80,40,10.74,RE,2022-07-17 03:28:12
94,Maltahohe,-24.8333,16.9833,46.98,46,0,6.67,NA,2022-07-17 03:35:02
95,Jiangyou,31.7667,104.7167,87.17,68,85,5.7,CN,2022-07-17 03:35:03
96,Airai,-8.9266,125.4092,68.38,61,71,3.67,TL,2022-07-17 03:35:03
97,Pafos,34.7667,32.4167,74.98,88,40,3.44,CY,2022-07-17 03:35:04
98,Castro,-24.7911,-50.0119,63.32,84,100,7.7,BR,2022-07-17 03:35:05
99,Lianzhou,24.7811,112.3825,91.74,61,100,4.63,CN,2022-07-17 03:35:06
100,Kurilsk,45.2333,147.8833,57.47,93,100,13.47,RU,2022-07-17 03:35:06
101,Meulaboh,4.1363,96.1285,84.43,69,68,3.89,ID,2022-07-17 03:35:07
102,Kruisfontein,-34.0033,24.7314,61.84,29,11,11.86,ZA,2022-07-17 03:32:00
103,Portland,45.5234,-122.6762,71.91,61,20,9.22,US,2022-07-17 03:30:48
104,Barrow,71.2906,-156.7887,39.22,87,100,17.27,US,2022-07-17 03:35:09
105,Arraial Do Cabo,-22.9661,-42.0278,70.65,88,100,19.93,BR,2022-07-17 03:35:10
106,Kirakira,-10.4544,161.9205,84.49,70,21,13.02,SB,2022-07-17 03:35:11
107,Aksarka,66.5606,67.7975,63.91,51,25,5.91,RU,2022-07-17 03:29:45
108,Ponta Do Sol,32.6667,-17.1,68.72,74,31,5.37,PT,2022-07-17 03:26:41
109,Chapais,49.7834,-74.8492,58.78,92,21,6.24,CA,2022-07-17 03:35:12
110,Atambua,-9.1061,124.8925,79.75,60,31,2.98,ID,2022-07-17 03:29:46
111,Dikson,73.5069,80.5464,46.0,70,75,8.41,RU,2022-07-17 03:35:13
112,Perevolotskiy,51.8763,54.1938,73.78,66,60,5.59,RU,2022-07-17 03:35:14
113,Jalu,29.0331,21.5482,74.41,58,0,7.78,LY,2022-07-17 03:35:15
114,Bad Doberan,54.1071,11.9005,57.96,77,73,13.65,DE,2022-07-17 03:35:15
115,Cape Town,-33.9258,18.4232,64.27,52,0,5.75,ZA,2022-07-17 03:35:16
116,Tommot,58.9564,126.2925,89.38,41,7,2.33,RU,2022-07-17 03:35:17
117,New Norfolk,-42.7826,147.0587,51.93,76,71,4.0,AU,2022-07-17 03:33:18
118,Fortuna,40.5982,-124.1573,61.14,83,27,7.0,US,2022-07-17 03:35:18
119,Miles City,46.4083,-105.8406,86.97,28,0,3.44,US,2022-07-17 03:35:19
120,Ust-Ishim,57.6935,71.1665,67.86,58,7,6.64,RU,2022-07-17 03:35:20
121,Osimo,43.4828,13.4875,74.91,53,2,3.44,IT,2022-07-17 03:35:21
122,Pevek,69.7008,170.3133,33.78,99,100,12.84,RU,2022-07-17 03:35:22
123,Shizunai,42.3339,142.3669,66.11,98,100,3.8,JP,2022-07-17 03:32:06
124,Chumikan,54.7183,135.315,58.39,86,91,9.55,RU,2022-07-17 03:35:23
125,Mahebourg,-20.4081,57.7,70.09,73,40,11.5,MU,2022-07-17 03:35:24
126,Verkhoshizhemye,58.011,49.1038,64.24,70,85,0.58,RU,2022-07-17 03:35:24
127,Saskylakh,71.9167,114.0833,61.83,50,90,12.88,RU,2022-07-17 03:35:25
128,Derzhavinsk,51.1,66.3167,72.7,62,1,14.36,KZ,2022-07-17 03:35:26
129,Cap Malheureux,-19.9842,57.6142,67.46,75,18,1.99,MU,2022-07-17 03:35:26
130,Trelew,-43.249,-65.3051,37.54,58,44,9.71,AR,2022-07-17 03:35:27
131,Karratha,-20.7377,116.8463,76.6,30,1,6.44,AU,2022-07-17 03:35:28
132,Hasaki,35.7333,140.8333,82.29,90,49,19.93,JP,2022-07-17 03:32:02
133,Robertsonpet,12.9667,78.2833,73.8,74,100,18.01,IN,2022-07-17 03:35:30
134,Boden,65.8252,21.6886,53.6,93,100,6.13,SE,2022-07-17 03:35:30
135,Colquechaca,-18.6667,-66.0167,25.57,19,0,2.06,BO,2022-07-17 03:35:31
136,Uinskoye,56.8817,56.5813,70.39,69,0,4.92,RU,2022-07-17 03:35:32
137,Port Hedland,-20.3167,118.5667,82.45,15,1,8.05,AU,2022-07-17 03:36:33
138,Tombouctou,20.0,-3.0,89.92,41,88,13.31,ML,2022-07-17 03:36:34
139,Palana,59.1167,159.9667,53.08,85,79,19.84,RU,2022-07-17 03:36:34
140,Grindsted,55.754,8.9123,56.66,93,75,6.91,DK,2022-07-17 03:36:35
141,Kyabram,-36.3167,145.05,53.87,84,93,15.48,AU,2022-07-17 03:36:36
142,Tuktoyaktuk,69.4541,-133.0374,60.8,67,100,5.75,CA,2022-07-17 03:36:37
143,Carnarvon,-24.8667,113.6333,72.03,44,85,4.0,AU,2022-07-17 03:36:37
144,Kavieng,-2.5744,150.7967,84.09,71,18,13.69,PG,2022-07-17 03:28:23
145,Nelson Bay,-32.7167,152.15,72.1,41,1,11.99,AU,2022-07-17 03:36:38
146,Talnakh,69.4865,88.3972,67.21,40,100,11.48,RU,2022-07-17 03:26:43
147,Padang,-0.9492,100.3543,84.25,60,43,4.43,ID,2022-07-17 03:36:39
148,Namatanai,-3.6667,152.4333,83.08,74,69,11.01,PG,2022-07-17 03:29:51
149,Puerto Del Rosario,28.5004,-13.8627,71.35,78,0,16.11,ES,2022-07-17 03:36:40
150,Sitka,57.0531,-135.33,57.09,82,75,5.75,US,2022-07-17 03:26:52
151,Ascension,30.2169,-90.9001,79.02,89,0,0.0,US,2022-07-17 03:36:42
152,Nanortalik,60.1432,-45.2371,41.0,85,13,6.2,GL,2022-07-17 03:31:59
153,Cooma,-36.2333,149.1333,49.77,61,2,35.68,AU,2022-07-17 03:36:43
154,Turayf,31.6725,38.6637,71.85,56,0,11.5,SA,2022-07-17 03:36:44
155,Ribeira Grande,38.5167,-28.7,70.38,92,9,5.95,PT,2022-07-17 03:36:45
156,Ilulissat,69.2167,-51.1,46.42,66,42,3.44,GL,2022-07-17 03:36:45
157,Port-Gentil,-0.7193,8.7815,74.62,74,84,10.74,GA,2022-07-17 03:36:46
158,Bandarbeyla,9.4942,50.8122,80.06,58,27,27.78,SO,2022-07-17 03:26:36
159,Maridi,4.9158,29.4742,67.46,93,94,1.61,SS,2022-07-17 03:36:47
160,Springdale,36.1867,-94.1288,87.98,58,0,4.61,US,2022-07-17 03:36:48
161,Verkhnevilyuysk,63.4453,120.3167,74.97,58,85,3.78,RU,2022-07-17 03:36:49
162,Naron,43.5167,-8.1528,61.65,80,100,1.16,ES,2022-07-17 03:36:50
163,Yellowknife,62.456,-114.3525,66.72,77,75,11.99,CA,2022-07-17 03:36:50
164,Mildura,-34.2,142.15,58.06,94,75,12.66,AU,2022-07-17 03:36:51
165,Hiroshima,34.3963,132.4594,86.4,25,98,10.94,JP,2022-07-17 03:36:52
166,Hami,42.8,93.45,84.4,25,67,3.09,CN,2022-07-17 03:36:53
167,Kandrian,-6.2167,149.55,82.38,79,97,10.29,PG,2022-07-17 03:36:54
168,Stokmarknes,68.5646,14.9108,48.18,93,75,4.61,NO,2022-07-17 03:36:55
169,Cidreira,-30.1811,-50.2056,56.35,79,69,25.88,BR,2022-07-17 03:36:55
170,Qaanaaq,77.484,-69.3632,49.21,68,13,1.99,GL,2022-07-17 03:36:56
171,Port Blair,11.6667,92.75,82.44,83,75,5.75,IN,2022-07-17 03:36:56
172,Pryazha,61.6926,33.6216,54.63,73,11,7.4,RU,2022-07-17 03:36:57
173,San Vicente,-26.6167,-54.1333,45.73,96,100,3.04,AR,2022-07-17 03:36:58
174,Marataizes,-21.0433,-40.8244,68.67,68,25,10.29,BR,2022-07-17 03:36:59
175,Muros,42.7762,-9.0603,65.16,91,29,2.33,ES,2022-07-17 03:37:00
176,Ankpa,7.3706,7.6253,69.89,96,100,7.07,NG,2022-07-17 03:37:00
177,Port Moresby,-9.4431,147.1797,87.22,58,40,18.41,PG,2022-07-17 03:37:01
178,Teyateyaneng,-29.1472,27.7489,39.45,56,0,2.66,LS,2022-07-17 03:37:02
179,Igarka,67.4667,86.5833,60.35,57,100,11.88,RU,2022-07-17 03:37:03
180,Disna,55.568,28.1971,51.66,91,83,3.62,BY,2022-07-17 03:37:04
181,Zemio,5.0314,25.1361,66.9,99,83,0.27,CF,2022-07-17 03:37:04
182,Faanui,-16.4833,-151.75,77.77,63,44,20.47,PF,2022-07-17 03:38:06
183,Khatanga,71.9667,102.5,67.53,42,29,5.5,RU,2022-07-17 03:38:06
184,Rosarito,32.3333,-117.0333,72.66,79,18,5.44,MX,2022-07-17 03:38:07
185,La Tiza,7.75,-80.2833,76.01,99,100,7.18,PA,2022-07-17 03:38:08
186,Camacupa,-12.0167,17.4833,49.96,58,3,5.1,AO,2022-07-17 03:38:08
187,Helong,42.5397,128.9972,63.54,98,100,2.33,CN,2022-07-17 03:38:09
188,Rapid Valley,44.0625,-103.1463,80.8,63,0,4.61,US,2022-07-17 03:38:10
189,Thompson,55.7435,-97.8558,68.16,88,100,2.3,CA,2022-07-17 03:28:26
190,Longyearbyen,78.2186,15.6401,51.64,71,0,2.3,SJ,2022-07-17 03:38:11
191,Korla,41.7597,86.1469,84.61,28,35,2.75,CN,2022-07-17 03:38:12
192,Paragominas,-2.9667,-47.4833,72.37,82,33,3.22,BR,2022-07-17 03:38:11
193,Ostrovnoy,68.0531,39.5131,60.21,77,9,12.59,RU,2022-07-17 03:38:13
194,Kudahuvadhoo,2.6708,72.8944,83.23,70,46,3.67,MV,2022-07-17 03:38:15
195,Waddan,29.1614,16.139,71.69,60,0,4.21,LY,2022-07-17 03:38:15
196,Petropavlovsk-Kamchatskiy,53.0452,158.6483,70.39,64,40,8.95,RU,2022-07-17 03:38:16
197,Souillac,-20.5167,57.5167,70.18,73,40,11.5,MU,2022-07-17 03:29:47
198,Sydney Mines,46.2367,-60.2177,64.8,83,20,4.0,CA,2022-07-17 03:38:17
199,Portobelo,9.55,-79.65,80.74,85,76,8.57,PA,2022-07-17 03:38:18
200,Zima,53.9202,102.0442,67.37,55,83,5.35,RU,2022-07-17 03:38:18
201,La Ronge,55.1001,-105.2842,73.62,73,40,3.44,CA,2022-07-17 03:38:19
202,Urk,52.6625,5.6014,55.96,91,70,4.74,NL,2022-07-17 03:38:19
203,Mabaruma,8.2,-59.7833,74.17,94,9,1.23,GY,2022-07-17 03:28:41
204,Charters Towers,-20.1,146.2667,73.44,44,0,9.93,AU,2022-07-17 03:38:21
205,Shumyachi,53.8583,32.4242,53.15,90,10,1.61,RU,2022-07-17 03:38:21
206,Elat,29.5581,34.9482,80.44,41,0,13.8,IL,2022-07-17 03:38:22
207,Seddon,-37.8068,144.8916,60.15,60,40,17.27,AU,2022-07-17 03:38:23
208,Hithadhoo,-0.6,73.0833,84.4,71,26,15.9,MV,2022-07-17 03:28:35
209,Lerwick,60.1545,-1.1494,55.4,95,95,19.28,GB,2022-07-17 03:38:24
210,Show Low,34.2542,-110.0298,75.0,44,71,4.41,US,2022-07-17 03:38:25
211,Hamilton,39.1834,-84.5333,80.04,77,20,0.0,US,2022-07-17 03:35:21
212,Severo-Kurilsk,50.6789,156.125,55.67,91,95,0.58,RU,2022-07-17 03:38:27
213,Mokhsogollokh,61.4681,128.9203,92.3,35,60,3.71,RU,2022-07-17 03:38:27
214,Huanan,46.2167,130.5167,68.38,81,100,10.83,CN,2022-07-17 03:38:28
215,Stornoway,58.2093,-6.3865,57.92,92,100,4.61,GB,2022-07-17 03:38:29
216,Saint-Pierre,-21.3393,55.4781,65.91,84,20,16.11,RE,2022-07-17 03:38:29
217,Cervo,43.6702,-7.4101,66.81,87,100,6.2,ES,2022-07-17 03:38:30
218,Marsala,37.7966,12.4352,79.93,73,0,4.61,IT,2022-07-17 03:38:31
219,Norrtalje,59.758,18.705,55.02,67,98,8.12,SE,2022-07-17 03:38:31
220,El Alto,-4.2714,-81.2147,62.26,81,14,13.71,PE,2022-07-17 03:38:33
221,Ikongo,-21.8833,47.4333,61.11,96,94,1.97,MG,2022-07-17 03:38:33
222,Vallenar,-28.5708,-70.7581,49.24,37,100,4.41,CL,2022-07-17 03:36:01
223,Kroya,-7.6331,109.2461,82.6,73,96,13.04,ID,2022-07-17 03:38:35
224,Bethel,41.3712,-73.414,72.45,88,0,0.0,US,2022-07-17 03:29:50
225,Redlands,34.0556,-117.1825,93.2,45,0,6.91,US,2022-07-17 03:35:27
226,La Asuncion,11.0333,-63.8628,80.33,94,91,8.05,VE,2022-07-17 03:38:36
227,Guane,22.2025,-84.0875,76.98,80,14,2.62,CU,2022-07-17 03:38:37
228,Nyurba,63.2842,118.3319,72.88,58,97,4.56,RU,2022-07-17 03:39:37
229,Santa Fe,-31.6333,-60.7,40.98,86,2,1.99,AR,2022-07-17 03:39:33
230,Cascais,38.6979,-9.4215,69.94,72,2,8.99,PT,2022-07-17 03:39:38
231,Binzhou,37.3667,118.0167,88.0,55,60,5.21,CN,2022-07-17 03:39:39
232,Tucuman,-26.8241,-65.2226,46.4,57,0,9.22,AR,2022-07-17 03:39:15
233,Tsilna,54.5953,48.1414,69.35,79,97,2.33,RU,2022-07-17 03:39:41
234,North Bend,43.4065,-124.2243,62.51,91,0,13.8,US,2022-07-17 03:39:42
235,Grand Gaube,-20.0064,57.6608,70.2,74,20,5.99,MU,2022-07-17 03:39:43
236,Taoudenni,22.6783,-3.9836,99.01,21,85,2.93,ML,2022-07-17 03:39:43
237,Luderitz,-26.6481,15.1594,66.63,30,0,4.72,NA,2022-07-17 03:39:44
238,Dryden,49.7833,-92.7503,71.89,78,0,6.91,CA,2022-07-17 03:39:45
239,Coquimbo,-29.9533,-71.3436,49.73,76,0,9.22,CL,2022-07-17 03:39:45
240,Bose,45.4612,8.0137,74.28,62,0,4.56,IT,2022-07-17 03:39:46
241,Lluta,-16.0147,-72.0142,45.27,39,39,0.89,PE,2022-07-17 03:39:46
242,Poum,-20.2333,164.0167,73.76,62,84,21.63,NC,2022-07-17 03:39:47
243,Krasnoselkup,65.7,82.4667,67.42,46,63,11.7,RU,2022-07-17 03:39:48
244,Victoria,22.2855,114.1577,89.65,79,100,15.01,HK,2022-07-17 03:39:50
245,Qaqortoq,60.7167,-46.0333,41.11,82,26,3.91,GL,2022-07-17 03:39:51
246,Kushmurun,52.4503,64.6311,72.45,68,47,12.15,KZ,2022-07-17 03:39:51
247,Vestmannaeyjar,63.4427,-20.2734,50.61,80,48,3.36,IS,2022-07-17 03:39:52
248,Nalhati,24.3,87.8167,91.89,58,39,15.7,IN,2022-07-17 03:39:53
249,Defiance,41.3334,-84.45,73.42,88,75,6.91,US,2022-07-17 03:39:54
250,Chokurdakh,70.6333,147.9167,47.28,43,47,19.26,RU,2022-07-17 03:39:54
251,Shelburne,44.0787,-80.2041,63.39,79,86,2.55,CA,2022-07-17 03:39:55
252,Lagoa,39.05,-27.9833,69.62,88,75,7.63,PT,2022-07-17 03:39:56
253,Sioux Lookout,50.1001,-91.917,68.07,77,20,0.0,CA,2022-07-17 03:39:57
254,Kirovsk,48.6375,38.6428,67.08,76,43,6.49,UA,2022-07-17 03:39:57
255,Mahibadhoo,3.7833,72.9667,83.28,68,30,2.17,MV,2022-07-17 03:39:58
256,Panji,-7.7253,114.0995,89.33,51,19,2.15,ID,2022-07-17 03:39:59
257,Vardo,70.3705,31.1107,53.58,94,100,9.22,NO,2022-07-17 03:40:00
258,San Juan,-31.5375,-68.5364,41.38,49,1,3.87,AR,2022-07-17 03:40:01
259,Payson,40.0444,-111.7321,85.48,33,0,6.91,US,2022-07-17 03:40:01
260,Kamenka,51.3223,42.7678,70.36,63,10,9.84,RU,2022-07-17 03:40:02
261,Zabol,32.25,67.25,78.04,44,0,12.71,AF,2022-07-17 03:40:03
262,Ixtapa,20.7,-105.2,79.23,100,100,0.0,MX,2022-07-17 03:40:04
263,Bambous Virieux,-20.3428,57.7575,70.05,73,40,11.5,MU,2022-07-17 03:40:05
264,Aboisso,5.4678,-3.2071,73.35,92,100,5.1,CI,2022-07-17 03:40:06
265,Wajir,1.7471,40.0573,70.27,83,69,7.76,KE,2022-07-17 03:40:06
266,Taltal,-25.4,-70.4833,55.76,59,0,4.12,CL,2022-07-17 03:38:12
267,Teguise,29.0605,-13.564,68.22,78,75,13.8,ES,2022-07-17 03:40:07
268,Winnemucca,40.973,-117.7357,93.25,13,0,6.91,US,2022-07-17 03:40:08
269,Waupun,43.6333,-88.7296,69.42,92,99,3.89,US,2022-07-17 03:40:09
270,Ancud,-41.8697,-73.8203,46.22,87,100,13.06,CL,2022-07-17 03:40:10
271,Kavaratti,10.5669,72.642,81.97,79,80,17.18,IN,2022-07-17 03:41:10
272,Lasa,46.6166,10.7002,62.37,78,4,2.8,IT,2022-07-17 03:38:07
273,Kailua,21.4022,-157.7394,82.38,81,75,12.66,US,2022-07-17 03:40:25
274,Chunskiy,56.0815,99.6342,71.06,46,84,6.51,RU,2022-07-17 03:41:12
275,Suntar,62.1444,117.6319,69.76,58,100,6.53,RU,2022-07-17 03:41:12
276,Vila Velha,-20.3297,-40.2925,73.35,90,75,4.61,BR,2022-07-17 03:41:13
277,La Rochelle,46.1667,-1.15,69.87,46,0,11.5,FR,2022-07-17 03:41:14
278,Pyinmana,19.7333,96.2167,86.81,68,28,7.02,MM,2022-07-17 03:41:15
279,Gorom-Gorom,14.4439,-0.2361,82.85,51,96,9.64,BF,2022-07-17 03:41:15
280,Boulder,40.0833,-105.3505,73.13,51,0,4.61,US,2022-07-17 03:38:46
281,Matara,5.9485,80.5353,83.32,72,98,10.63,LK,2022-07-17 03:41:16
282,Parati,-23.2178,-44.7131,76.01,54,77,5.3,BR,2022-07-17 03:41:17
283,Burnie,-41.0667,145.9167,51.94,66,85,18.19,AU,2022-07-17 03:41:18
284,Clyde River,70.4692,-68.5914,32.23,100,100,13.8,CA,2022-07-17 03:36:29
285,Nome,64.5011,-165.4064,63.16,55,0,11.5,US,2022-07-17 03:41:20
286,Isangel,-19.55,169.2667,77.11,69,75,13.8,VU,2022-07-17 03:41:21
287,Los Llanos De Aridane,28.6585,-17.9182,65.95,95,75,18.41,ES,2022-07-17 03:41:21
288,Bac Lieu,9.285,105.7244,86.52,69,22,12.28,VN,2022-07-17 03:41:22
289,Inhambane,-23.865,35.3833,60.78,88,40,4.61,MZ,2022-07-17 03:41:23
290,Beyneu,45.3167,55.2,93.67,14,4,13.13,KZ,2022-07-17 03:41:24
291,Anadyr,64.75,177.4833,68.5,56,40,11.18,RU,2022-07-17 03:41:24
292,Comodoro Rivadavia,-45.8667,-67.5,39.06,65,0,4.61,AR,2022-07-17 03:41:25
293,College,64.8569,-147.8028,68.32,74,75,4.61,US,2022-07-17 03:36:59
294,Akhtanizovskaya,45.32,37.1,71.49,66,26,2.75,RU,2022-07-17 03:41:26
295,Nsanje,-16.92,35.262,58.12,97,11,2.64,MW,2022-07-17 03:41:27
296,Ukiah,39.1502,-123.2078,87.69,23,0,9.22,US,2022-07-17 03:40:20
297,Namibe,-15.1961,12.1522,68.38,69,0,7.76,AO,2022-07-17 03:41:28
298,Salento,4.6375,-75.5703,60.13,93,84,3.76,CO,2022-07-17 03:41:28
299,Sakakah,29.9697,40.2064,81.97,21,2,4.18,SA,2022-07-17 03:41:29
300,Klosterneuburg,48.3052,16.3252,62.22,73,24,1.99,AT,2022-07-17 03:41:30
301,Mehamn,71.0357,27.8492,51.75,87,100,23.02,NO,2022-07-17 03:41:31
302,Xicotencatl,23.0167,-98.8833,83.21,81,79,4.59,MX,2022-07-17 03:41:31
303,Ketchikan,55.3422,-131.6461,61.27,77,20,3.44,US,2022-07-17 03:41:32
304,Metro,-5.1131,105.3067,86.83,64,55,5.32,ID,2022-07-17 03:41:33
305,Wattegama,6.7989,81.4808,88.61,50,99,2.75,LK,2022-07-17 03:40:10
306,Bitung,1.4451,125.1824,88.65,71,94,12.71,ID,2022-07-17 03:41:35
307,Tiksi,71.6872,128.8694,39.2,81,77,7.56,RU,2022-07-17 03:41:35
308,Prince Albert,53.2001,-105.7677,78.75,73,20,6.91,CA,2022-07-17 03:41:36
309,Leshukonskoye,64.8989,45.7622,64.6,62,1,5.79,RU,2022-07-17 03:41:36
310,Byumba,-1.5763,30.0675,55.6,65,72,1.57,RW,2022-07-17 03:41:37
311,Waitati,-45.75,170.5667,52.81,50,100,8.52,NZ,2022-07-17 03:41:38
312,Dillon,34.4166,-79.3712,75.18,92,52,6.38,US,2022-07-17 03:36:57
313,Cozumel,20.5083,-86.9458,80.67,81,40,6.91,MX,2022-07-17 03:41:40
314,Tura,25.5198,90.2201,86.68,66,54,6.78,IN,2022-07-17 03:41:29
315,Port Lincoln,-34.7333,135.8667,56.5,73,47,21.18,AU,2022-07-17 03:41:41
316,Fairbanks,64.8378,-147.7164,68.34,73,75,4.61,US,2022-07-17 03:40:02
317,Torbay,47.6666,-52.7314,59.77,77,20,11.5,CA,2022-07-17 03:41:42
318,Laguna,38.421,-121.4238,96.78,17,0,6.91,US,2022-07-17 03:41:42
319,Pisco,-13.7,-76.2167,59.02,88,12,5.75,PE,2022-07-17 03:42:43
320,Sungaipenuh,-2.0833,101.3833,81.12,38,50,4.05,ID,2022-07-17 03:42:44
321,Ostersund,63.1792,14.6357,47.61,87,100,21.85,SE,2022-07-17 03:42:45
322,Satipo,-11.2522,-74.6386,67.91,96,56,2.35,PE,2022-07-17 03:42:46
323,Guerrero Negro,27.9769,-114.0611,67.28,85,4,13.22,MX,2022-07-17 03:38:35
324,Hualmay,-11.0964,-77.6139,60.44,84,27,10.38,PE,2022-07-17 03:42:47
325,Inhapim,-19.5492,-42.12,54.19,81,23,1.28,BR,2022-07-17 03:42:48
326,Fort Myers Beach,26.452,-81.9481,79.02,86,0,6.91,US,2022-07-17 03:39:50
327,Komsomolskiy,40.4272,71.7189,86.72,26,0,4.61,UZ,2022-07-17 03:42:49
328,Cockburn Town,21.4612,-71.1419,81.79,86,3,22.55,TC,2022-07-17 03:41:46
329,Santa Rosa,14.3122,121.1114,87.12,74,100,3.96,PH,2022-07-17 03:42:50
330,Sarkand,45.41,79.9186,88.92,18,1,6.93,KZ,2022-07-17 03:42:51
331,Manono,-7.3,27.4167,72.32,45,7,10.0,CD,2022-07-17 03:42:51
332,Coihaique,-45.5752,-72.0662,35.55,87,0,5.75,CL,2022-07-17 03:42:52
333,Mount Gambier,-37.8333,140.7667,48.45,74,97,13.11,AU,2022-07-17 03:42:53
334,Xudat,41.631,48.681,84.96,44,0,6.55,AZ,2022-07-17 03:42:54
335,Deputatskiy,69.3,139.9,54.91,50,100,7.31,RU,2022-07-17 03:42:54
336,Flinders,-34.5833,150.8552,70.18,36,0,8.99,AU,2022-07-17 03:42:55
337,Alofi,-19.0595,-169.9187,80.49,65,7,11.5,NU,2022-07-17 03:42:56
338,Rio Grande,-32.035,-52.0986,49.95,86,100,23.69,BR,2022-07-17 03:42:56
339,Muroto,33.2833,134.15,79.75,77,100,8.57,JP,2022-07-17 03:42:57
340,Sao Joao Da Barra,-21.6403,-41.0511,69.73,83,62,14.27,BR,2022-07-17 03:42:58
341,Vostok,46.4856,135.8833,70.12,64,96,5.61,RU,2022-07-17 03:41:28
342,Katsuura,35.1333,140.3,78.82,83,40,16.91,JP,2022-07-17 03:42:59
343,Kaitangata,-46.2817,169.8464,49.06,70,97,3.94,NZ,2022-07-17 03:43:00
344,Leh,34.1667,77.5833,61.74,48,56,6.04,IN,2022-07-17 03:39:13
345,Touros,-5.1989,-35.4608,74.41,91,72,12.21,BR,2022-07-17 03:43:01
346,Hobyo,5.3505,48.5268,77.22,70,100,28.19,SO,2022-07-17 03:41:32
347,Ignacio Zaragoza,28.3833,-107.2167,68.09,51,65,5.73,MX,2022-07-17 03:43:03
348,Atkarsk,51.8718,45.0078,71.1,71,91,5.21,RU,2022-07-17 03:43:03
349,Salta,-24.7859,-65.4117,46.99,49,75,5.75,AR,2022-07-17 03:43:05
350,Sharlyk,52.9167,54.75,72.59,68,91,4.5,RU,2022-07-17 03:43:05
351,Akdepe,42.0551,59.3788,89.69,18,0,11.1,TM,2022-07-17 03:43:06
352,Margate,51.3813,1.3862,61.7,77,97,4.0,GB,2022-07-17 03:40:40
353,Khanpur,28.6453,70.6567,90.16,59,87,14.27,PK,2022-07-17 03:43:07
354,Sohbatpur,28.5202,68.5434,94.1,49,68,14.85,PK,2022-07-17 03:43:08
355,Makakilo City,21.3469,-158.0858,80.92,71,100,19.57,US,2022-07-17 03:43:09
356,Sola,-13.8833,167.55,83.07,74,75,11.5,VU,2022-07-17 03:43:10
357,Nunspeet,52.3667,5.7667,55.89,92,77,3.49,NL,2022-07-17 03:43:10
358,Moranbah,-22.0016,148.0466,71.53,47,10,11.68,AU,2022-07-17 03:43:11
359,Jasper,37.2001,-94.3502,86.05,60,20,5.75,US,2022-07-17 03:39:23
360,San Ramon,37.7799,-121.978,73.62,77,0,10.36,US,2022-07-17 03:43:13
361,Pedro Ii,-4.4247,-41.4586,73.6,56,66,3.4,BR,2022-07-17 03:43:13
362,Bosaso,11.2842,49.1816,89.55,39,100,25.23,SO,2022-07-17 03:43:14
363,Fergus Falls,46.283,-96.0776,69.78,89,0,5.75,US,2022-07-17 03:39:36
364,Bengkulu,-3.8004,102.2655,84.78,64,82,4.27,ID,2022-07-17 03:43:16
365,Kumbo,6.2,10.6667,59.13,98,100,3.56,CM,2022-07-17 03:44:16
366,Solnechnyy,50.7214,136.6319,73.22,69,100,5.46,RU,2022-07-17 03:44:17
367,Porto Novo,6.4965,2.6036,75.0,88,100,6.96,BJ,2022-07-17 03:44:17
368,Salalah,17.0151,54.0924,77.09,100,100,5.75,OM,2022-07-17 03:44:18
369,Half Moon Bay,37.4636,-122.4286,75.11,90,100,19.57,US,2022-07-17 03:44:19
370,Puerto Ayacucho,5.6639,-67.6236,74.16,96,100,3.71,VE,2022-07-17 03:44:19
371,Matay,28.419,30.7792,74.17,66,0,9.75,EG,2022-07-17 03:44:20
372,Nuuk,64.1835,-51.7216,45.21,76,75,3.44,GL,2022-07-17 03:44:21
373,Puerto Madero,14.7208,-92.4215,81.79,76,98,3.71,MX,2022-07-17 03:44:22
374,Orda,57.1951,56.9091,68.85,75,2,7.27,RU,2022-07-17 03:44:22
375,Da Lat,11.9465,108.4419,76.44,61,34,5.12,VN,2022-07-17 03:44:11
376,Awbari,26.5921,12.7805,76.77,25,0,8.08,LY,2022-07-17 03:44:23
377,Shache,38.4167,77.2406,87.44,19,35,3.22,CN,2022-07-17 03:44:24
378,Quarai,-30.3875,-56.4514,46.65,92,99,12.97,BR,2022-07-17 03:41:23
379,Sechura,-5.5569,-80.8222,62.51,79,0,13.24,PE,2022-07-17 03:44:25
380,Naryan-Mar,67.6713,53.087,66.25,85,100,8.01,RU,2022-07-17 03:44:25
381,Yashalta,46.3395,42.2762,76.14,50,100,7.87,RU,2022-07-17 03:44:26
382,Shambu,9.5667,37.1,50.94,94,100,1.12,ET,2022-07-17 03:44:27
383,Ahipara,-35.1667,173.1667,57.42,62,29,4.83,NZ,2022-07-17 03:44:27
384,Camiri,-20.05,-63.5167,50.5,62,100,3.8,BO,2022-07-17 03:44:26
385,Dingle,10.9995,122.6711,86.76,71,94,9.15,PH,2022-07-17 03:44:28
386,Xining,36.6167,101.7667,62.1,50,97,0.98,CN,2022-07-17 03:44:29
387,Tamiahua,21.2667,-97.45,79.14,85,44,6.98,MX,2022-07-17 03:44:31
388,Chiang Klang,19.2938,100.8617,89.64,63,59,2.66,TH,2022-07-17 03:44:31
389,Tangshan,39.6333,118.1833,87.84,54,39,7.18,CN,2022-07-17 03:44:32
390,Nara,34.6851,135.8049,89.96,39,60,9.57,JP,2022-07-17 03:44:33
391,Krasnyy Oktyabr,56.1167,38.8833,60.75,73,100,2.33,RU,2022-07-17 03:44:33
392,Dharchula,29.85,80.5333,82.92,69,10,5.03,IN,2022-07-17 03:44:34
393,Tyup,42.7276,78.3648,73.58,35,0,5.66,KG,2022-07-17 03:44:35
394,Seydi,39.4816,62.9137,97.9,10,0,18.72,TM,2022-07-17 03:44:35
395,Cabedelo,-6.9811,-34.8339,74.07,87,38,10.96,BR,2022-07-17 03:44:37
396,Kasempa,-13.4584,25.8338,48.96,62,1,5.91,ZM,2022-07-17 03:44:37
397,Sorkjosen,69.8,20.9333,51.8,87,75,10.36,NO,2022-07-17 03:44:38
398,Yumen,40.2833,97.2,83.59,19,87,14.52,CN,2022-07-17 03:44:39
399,Balabac,7.9868,117.0645,83.05,73,100,4.83,PH,2022-07-17 03:44:39
400,Kosonsoy,41.2561,71.5508,79.36,17,0,4.34,UZ,2022-07-17 03:44:40
401,Harper,4.375,-7.7169,74.77,85,100,7.87,LR,2022-07-17 03:44:42
402,Narva-Joesuu,59.4589,28.0408,54.12,84,3,9.95,EE,2022-07-17 03:44:42
403,San Patricio,28.017,-97.5169,84.88,75,0,10.96,US,2022-07-17 03:44:43
404,Langsa,4.4683,97.9683,90.73,57,74,2.15,ID,2022-07-17 03:44:43
405,Piacabucu,-10.4056,-36.4344,72.81,84,41,9.17,BR,2022-07-17 03:44:44
406,Kiruna,67.8557,20.2251,43.72,93,100,9.22,SE,2022-07-17 03:44:45
407,Buchanan,5.8808,-10.0467,75.43,87,100,10.58,LR,2022-07-17 03:44:46
408,Coremas,-7.0144,-37.9458,70.48,80,6,6.64,BR,2022-07-17 03:43:57
409,Pirogovo,56.7796,53.1495,69.66,81,29,2.39,RU,2022-07-17 03:44:47
410,Lamar,33.6668,-95.5836,88.65,58,0,6.91,US,2022-07-17 03:44:48
411,Fairfield,41.2668,-73.3162,72.45,91,0,3.44,US,2022-07-17 03:45:02
412,Puerto Plata,19.7934,-70.6884,81.45,89,20,0.0,DO,2022-07-17 03:44:45
413,Marsabit,2.3284,37.9899,57.51,83,64,16.8,KE,2022-07-17 03:45:50
414,Praia Da Vitoria,38.7333,-27.0667,71.85,83,75,6.22,PT,2022-07-17 03:45:51
415,Rassvet,46.8333,40.75,68.77,81,39,6.71,RU,2022-07-17 03:45:52
416,Kibondo,-3.5864,30.7203,57.36,66,40,3.02,TZ,2022-07-17 03:45:52
417,Amahai,-3.3333,128.9167,78.53,89,100,10.49,ID,2022-07-17 03:45:53
418,Saint-Junien,45.8833,0.9,70.38,40,11,5.19,FR,2022-07-17 03:45:54
419,Saint-Francois,46.4154,3.9054,51.24,93,0,2.3,FR,2022-07-17 03:45:54
420,Konevo,62.1215,39.3192,55.31,86,26,4.81,RU,2022-07-17 03:45:55
421,Najran,17.4924,44.1277,81.25,26,54,11.5,SA,2022-07-17 03:45:56
422,Port Hardy,50.6996,-127.4199,57.38,94,75,4.61,CA,2022-07-17 03:45:57
423,Mount Isa,-20.7333,139.5,74.97,33,0,4.61,AU,2022-07-17 03:45:57
424,Vao,-22.6667,167.4833,69.82,61,51,24.05,NC,2022-07-17 03:45:58
425,Panguna,-6.3164,155.4848,78.66,69,75,3.47,PG,2022-07-17 03:45:59
426,Champerico,14.3,-91.9167,80.76,78,62,4.32,GT,2022-07-17 03:46:00
427,Boyolangu,-8.1181,111.8935,81.39,74,79,10.8,ID,2022-07-17 03:46:01
428,Sao Filipe,14.8961,-24.4956,75.27,85,9,7.36,CV,2022-07-17 03:45:13
429,Cairns,-16.9167,145.7667,79.11,65,40,12.66,AU,2022-07-17 03:45:35
430,Marsh Harbour,26.5412,-77.0636,82.27,80,22,14.09,BS,2022-07-17 03:46:02
431,Moerai,-22.4333,-151.3333,72.59,62,90,21.47,PF,2022-07-17 03:46:03
432,Mazagao,-0.115,-51.2894,75.25,94,32,3.62,BR,2022-07-17 03:46:03
433,Todos Santos,23.45,-110.2167,84.04,90,7,3.24,MX,2022-07-17 03:46:04
434,Erdenet,49.0333,104.0833,70.47,44,2,6.38,MN,2022-07-17 03:46:05
435,Denpasar,-8.65,115.2167,82.06,78,40,16.11,ID,2022-07-17 03:41:19
436,Kasongo-Lunda,-6.4667,16.8167,71.76,39,95,1.77,CD,2022-07-17 03:46:06
437,Itanagar,27.1,93.6167,82.78,84,99,3.58,IN,2022-07-17 03:46:06
438,Killybegs,54.6333,-8.45,60.44,93,100,1.92,IE,2022-07-17 03:46:07
439,Kropotkin,45.4375,40.5756,72.27,68,52,4.79,RU,2022-07-17 03:46:08
440,Maniitsoq,65.4167,-52.9,41.23,85,80,8.55,GL,2022-07-17 03:41:33
441,Uruacu,-14.5247,-49.1408,68.43,42,38,3.42,BR,2022-07-17 03:46:09
442,Abha,18.2164,42.5053,62.42,82,52,0.0,SA,2022-07-17 03:43:07
443,Batsfjord,70.6345,29.7185,53.38,93,100,8.05,NO,2022-07-17 03:46:10
444,Sulangan,11.1373,123.7228,83.95,74,97,9.64,PH,2022-07-17 03:46:11
445,Chamba,32.5667,76.1333,81.25,73,96,2.19,IN,2022-07-17 03:46:12
446,Vieux-Habitants,16.0589,-61.7659,80.17,76,98,15.03,GP,2022-07-17 03:46:12
447,Chernyatyn,48.6603,25.4483,53.92,88,74,7.9,UA,2022-07-17 03:46:13
448,Bagdarin,54.4333,113.6,66.43,68,100,3.36,RU,2022-07-17 03:46:14
449,Mahanoro,-19.9,48.8,67.46,80,37,9.24,MG,2022-07-17 03:46:15
450,Raga,8.4596,25.678,66.54,97,38,3.87,SS,2022-07-17 03:46:15
451,Florianopolis,-27.6146,-48.5012,74.43,71,0,12.66,BR,2022-07-17 03:46:16
452,Plettenberg Bay,-34.0527,23.3716,70.84,33,5,13.38,ZA,2022-07-17 03:46:17
453,Hibbing,47.4272,-92.9377,72.75,52,0,0.0,US,2022-07-17 03:46:18
454,Biak,-0.9131,122.8766,80.6,75,100,7.47,ID,2022-07-17 03:46:19
455,Batagay,67.6333,134.6333,55.33,68,100,3.76,RU,2022-07-17 03:46:20
456,Vanderhoof,54.0166,-124.0198,57.47,67,39,2.39,CA,2022-07-17 03:46:21
457,Southbridge,42.0751,-72.0334,70.3,96,100,3.76,US,2022-07-17 03:43:07
458,Yulara,-25.2406,130.9889,68.99,12,1,6.46,AU,2022-07-17 03:47:22
459,Camacha,33.0833,-16.3333,65.62,88,40,8.05,PT,2022-07-17 03:47:23
460,Maningrida,-12.0667,134.2667,81.7,44,59,10.58,AU,2022-07-17 03:47:23
461,Tevaitoa,-16.7833,-151.5,77.2,67,14,18.75,PF,2022-07-17 03:47:25
462,Qui Nhon,13.7667,109.2333,90.3,59,40,2.62,VN,2022-07-17 03:47:26
463,Zonguldak,41.25,31.8333,61.36,83,0,3.42,TR,2022-07-17 03:47:27
464,Bonfim,3.0833,-59.95,75.36,85,95,2.86,BR,2022-07-17 03:47:27
465,Pritzwalk,53.1494,12.1741,50.59,92,62,6.51,DE,2022-07-17 03:47:28
466,Goma,-1.6792,29.2228,61.39,76,5,2.71,CD,2022-07-17 03:47:28
467,Laredo,27.5064,-99.5075,91.69,35,0,20.71,US,2022-07-17 03:45:32
468,Limpapa,7.1197,121.9106,81.73,70,92,6.29,PH,2022-07-17 03:47:30
469,Osa,57.2829,55.4567,68.81,71,0,3.89,RU,2022-07-17 03:47:31
470,Mitsamiouli,-11.3847,43.2844,68.29,77,20,5.75,KM,2022-07-17 03:47:32
471,Sesheke,-17.4759,24.2968,46.22,66,0,4.79,ZM,2022-07-17 03:47:32
472,Marinette,45.1,-87.6307,64.49,88,0,0.0,US,2022-07-17 03:47:33
473,Necochea,-38.5473,-58.7368,39.34,69,21,13.18,AR,2022-07-17 03:47:34
474,Nago,26.5881,127.9761,90.45,73,100,12.59,JP,2022-07-17 03:47:35
475,Kinablangan,7.6947,126.5503,83.08,71,98,4.81,PH,2022-07-17 03:47:35
476,Cordoba,-31.4135,-64.1811,38.19,75,0,8.05,AR,2022-07-17 03:42:40
477,Lorient,47.8333,-3.25,71.89,56,0,10.36,FR,2022-07-17 03:47:37
478,Puerto Carreno,6.189,-67.4859,74.75,94,100,3.38,CO,2022-07-17 03:47:37
479,Oildale,35.4197,-119.0195,100.42,24,0,5.75,US,2022-07-17 03:47:38
480,Imbituva,-25.23,-50.6044,58.23,92,95,5.79,BR,2022-07-17 03:47:39
481,Dudinka,69.4058,86.1778,69.62,42,100,18.95,RU,2022-07-17 03:47:40
482,Vrnjacka Banja,43.6167,20.9,56.43,61,2,3.09,RS,2022-07-17 03:47:40
483,La Romana,18.4273,-68.9728,77.36,94,75,6.91,DO,2022-07-17 03:47:41
484,Sampit,-2.5333,112.95,71.89,96,100,3.31,ID,2022-07-17 03:47:42
485,Dunedin,-45.8742,170.5036,52.81,50,100,4.0,NZ,2022-07-17 03:44:51
486,Iaciara,-14.0958,-46.6317,65.57,47,4,2.98,BR,2022-07-17 03:47:43
487,Tema,5.667,-0.0166,75.07,86,100,10.42,GH,2022-07-17 03:47:44
488,Salinas,36.6777,-121.6555,68.72,71,0,13.8,US,2022-07-17 03:44:58
489,Sabang,5.8933,95.3214,82.31,74,96,8.84,ID,2022-07-17 03:47:45
490,Cajimos,12.5946,122.2753,84.52,69,100,8.39,PH,2022-07-17 03:47:46
491,Uruzgan,32.8333,66.0,84.54,25,0,1.7,AF,2022-07-17 03:47:47
492,Mugur-Aksy,50.35,90.5,62.47,44,61,7.2,RU,2022-07-17 03:47:47
493,Camoapa,12.3839,-85.5116,68.79,94,99,7.47,NI,2022-07-17 03:47:48
494,Taonan,45.3333,122.7833,77.07,64,84,10.04,CN,2022-07-17 03:47:49
495,Kawalu,-7.3817,108.2082,76.68,89,99,3.71,ID,2022-07-17 03:47:49
496,Batagay-Alyta,67.8006,130.4114,46.51,89,100,3.31,RU,2022-07-17 03:47:50
497,Elizabeth City,36.2946,-76.2511,73.06,91,0,6.91,US,2022-07-17 03:47:51
498,Kungurtug,50.5994,97.5228,71.85,36,48,1.81,RU,2022-07-17 03:47:52
499,Erenhot,43.6475,111.9767,77.13,26,0,16.26,CN,2022-07-17 03:47:53
500,Bubaque,11.2833,-15.8333,80.28,85,79,14.58,GW,2022-07-17 03:48:53
501,Benguela,-12.5763,13.4055,66.09,91,29,2.48,AO,2022-07-17 03:48:54
502,Northam,51.0333,-4.2167,59.61,75,17,9.53,GB,2022-07-17 03:48:55
503,Cayenne,4.9333,-52.3333,81.09,1,0,2.3,GF,2022-07-17 03:48:56
504,Granite City,38.7014,-90.1487,86.4,79,75,4.61,US,2022-07-17 03:45:21
505,Casa Nova,-9.4167,-41.1333,71.76,61,11,19.17,BR,2022-07-17 03:48:57
506,Kovdor,67.5662,30.4758,57.16,83,23,2.57,RU,2022-07-17 03:48:58
507,Inuvik,68.3499,-133.7218,58.21,94,100,5.75,CA,2022-07-17 03:45:17
508,Benito Juarez,19.385,-99.165,64.99,70,100,10.0,MX,2022-07-17 03:48:59
509,Lunavada,23.1333,73.6167,84.02,76,82,9.57,IN,2022-07-17 03:49:00
510,Palmer,42.1584,-72.3287,69.51,90,75,5.75,US,2022-07-17 03:45:52
511,Ginda,30.6945,78.4932,76.46,67,38,4.14,IN,2022-07-17 03:49:01
512,Thunder Bay,48.4001,-89.3168,64.38,88,75,3.44,CA,2022-07-17 03:49:02
513,Upington,-28.4478,21.2561,55.78,44,0,10.36,ZA,2022-07-17 03:49:03
514,Marsaxlokk,35.8419,14.5431,76.08,64,0,3.13,MT,2022-07-17 03:49:03
515,Ponta Delgada,37.7333,-25.6667,72.5,73,75,5.75,PT,2022-07-17 03:49:04
516,Lata,40.1629,-8.3327,60.87,80,61,1.9,PT,2022-07-17 03:49:05
517,Mercedes,-34.6515,-59.4307,37.78,70,1,7.54,AR,2022-07-17 03:49:05
518,Inta,66.0317,60.1659,63.48,69,100,10.2,RU,2022-07-17 03:49:06
519,Yavaros,26.7,-109.5167,85.59,68,7,8.48,MX,2022-07-17 03:49:07
520,Poso,-1.3959,120.7524,85.42,64,93,3.8,ID,2022-07-17 03:49:08
521,San Luis,-33.295,-66.3356,35.17,66,9,9.17,AR,2022-07-17 03:49:08
522,Robertsport,6.7533,-11.3686,77.13,85,100,12.17,LR,2022-07-17 03:49:09
523,Jaguey Grande,22.5269,-81.1286,76.14,89,87,2.57,CU,2022-07-17 03:49:10
524,Itarema,-2.9248,-39.9167,78.64,79,8,16.22,BR,2022-07-17 03:45:21
525,Sobolevo,54.4299,31.8996,52.48,90,11,2.66,RU,2022-07-17 03:49:11
526,Alice Springs,-23.7,133.8833,72.95,9,1,3.44,AU,2022-07-17 03:49:12
527,Rieti,42.4072,12.8592,68.72,53,0,3.96,IT,2022-07-17 03:49:12
528,Cobija,-11.0267,-68.7692,73.6,87,36,2.59,BO,2022-07-17 03:49:13
529,Bambanglipuro,-7.95,110.2833,81.1,75,86,14.09,ID,2022-07-17 03:49:14
530,Lopsmarka,67.3134,14.4493,49.89,90,75,13.8,NO,2022-07-17 03:49:14
531,Lompoc,34.6391,-120.4579,73.54,91,0,9.22,US,2022-07-17 03:49:15
532,Yei,4.095,30.6779,66.67,94,94,1.52,SS,2022-07-17 03:49:16
533,Iquique,-20.2208,-70.1431,53.64,74,5,4.59,CL,2022-07-17 03:49:17
534,Ustikolina,43.5836,18.79,62.17,97,48,0.63,BA,2022-07-17 03:49:18
535,Sinfra,6.6167,-5.9167,70.03,98,100,4.05,CI,2022-07-17 03:49:19
536,Mookane,-23.688,26.6595,48.25,92,0,5.17,BW,2022-07-17 03:49:19
537,Carutapera,-1.195,-46.02,76.39,89,51,3.96,BR,2022-07-17 03:49:20
538,Mogadishu,2.0371,45.3438,76.24,80,95,20.4,SO,2022-07-17 03:46:54
539,Snasa,64.2457,12.3778,47.91,95,100,8.9,NO,2022-07-17 03:49:21
540,Sambava,-14.2667,50.1667,70.09,77,95,9.93,MG,2022-07-17 03:49:22
541,Kapoeta,4.7717,33.5903,73.11,75,39,6.29,SS,2022-07-17 03:49:22
542,Lisakovsk,52.5369,62.4936,72.1,64,29,13.02,KZ,2022-07-17 03:49:23
543,Agadez,19.75,10.25,82.76,47,54,8.72,NE,2022-07-17 03:49:24
544,Adwa,14.1646,38.8955,61.74,87,100,2.48,ET,2022-07-17 03:49:25
545,Torbat-E Jam,35.244,60.6225,88.16,9,0,19.04,IR,2022-07-17 03:49:26
546,Moorhead,46.8739,-96.7676,71.56,89,0,9.22,US,2022-07-17 03:50:27
547,Xuddur,4.1213,43.8894,68.72,79,44,21.32,SO,2022-07-17 03:50:27
548,Acajutla,13.5928,-89.8275,79.25,81,99,4.88,SV,2022-07-17 03:50:28
549,Ardea,41.6123,12.5143,75.18,82,0,4.61,IT,2022-07-17 03:50:28
550,Jacqueville,5.2052,-4.4146,76.19,84,100,12.3,CI,2022-07-17 03:50:29
551,Severnoye,56.3491,78.3619,63.86,69,13,9.75,RU,2022-07-17 03:50:30
552,Lokosovo,61.1333,74.8167,66.85,54,69,10.67,RU,2022-07-17 03:50:30
553,Pocatello,42.8713,-112.4455,82.31,30,0,5.75,US,2022-07-17 03:50:31
554,Baykit,61.67,96.37,57.25,85,100,2.42,RU,2022-07-17 03:50:32
555,San Ignacio,17.1561,-89.0714,77.14,94,0,0.0,BZ,2022-07-17 03:50:33
556,Mosquera,4.7059,-74.2302,53.69,94,75,2.3,CO,2022-07-17 03:49:37
557,Morondava,-20.2833,44.2833,66.47,85,1,9.42,MG,2022-07-17 03:50:35
558,Manali,13.1667,80.2667,84.29,82,100,15.5,IN,2022-07-17 03:50:36
559,Kahului,20.8947,-156.47,84.22,71,40,29.93,US,2022-07-17 03:47:40
560,Gushikawa,26.3544,127.8686,89.6,79,75,16.11,JP,2022-07-17 03:50:37
561,Grindavik,63.8424,-22.4338,48.15,100,75,2.3,IS,2022-07-17 03:50:38
562,Quatre Cocos,-20.2078,57.7625,70.09,66,36,14.92,MU,2022-07-17 03:50:39
563,Mangaratiba,-22.9597,-44.0406,72.46,66,88,7.18,BR,2022-07-17 03:50:39
564,Muncar,-8.4333,114.3333,80.94,76,68,7.72,ID,2022-07-17 03:50:40
565,Bhadasar,28.2833,74.3167,88.88,59,75,13.04,IN,2022-07-17 03:50:41
566,Constitucion,-35.3333,-72.4167,46.36,79,99,4.07,CL,2022-07-17 03:45:56
567,Coahuayana,18.7333,-103.6833,76.66,90,100,3.76,MX,2022-07-17 03:50:42
568,Sri Aman,1.2376,111.4621,82.45,78,40,3.44,MY,2022-07-17 03:50:43
569,Manhattan,40.7834,-73.9662,76.01,86,100,8.05,US,2022-07-17 03:47:53
570,Pedernales,18.0384,-71.744,81.45,67,6,5.91,DO,2022-07-17 03:50:44
571,Bereda,43.2686,-7.5406,69.42,100,100,1.14,ES,2022-07-17 03:50:45
572,San Jose,37.3394,-121.895,77.04,61,20,10.36,US,2022-07-17 03:47:58
573,Khani,41.9563,42.9566,60.37,95,88,1.52,GE,2022-07-17 03:50:46
574,Koslan,63.4564,48.8989,65.19,58,9,4.72,RU,2022-07-17 03:50:47
575,Qostanay,53.1667,63.5833,71.89,68,0,11.18,KZ,2022-07-17 03:50:48
576,Shenzhen,22.5455,114.0683,89.55,99,100,13.56,CN,2022-07-17 03:50:48
577,Dakar,14.6937,-17.4441,81.48,83,40,6.91,SN,2022-07-17 03:50:42
578,Jaguarari,-10.2639,-40.1958,58.89,87,4,6.15,BR,2022-07-17 03:50:50
579,Severiano Melo,-5.7772,-37.9578,74.23,76,6,10.27,BR,2022-07-17 03:50:51
580,Viedma,-40.8135,-62.9967,36.93,69,13,8.23,AR,2022-07-17 03:48:47
